{
  "training_date": "2025-11-07T16:59:20.010948",
  "training_time_seconds": 3.8695530891418457,
  "test_metrics": {
    "loss": 1.2488766113917034,
    "accuracy": 0.49466666666666664,
    "precision": 0.2446951111111111,
    "recall": 0.49466666666666664,
    "f1": 0.3274243235206661,
    "confusion_matrix": [
      [
        742,
        0,
        0
      ],
      [
        607,
        0,
        0
      ],
      [
        151,
        0,
        0
      ]
    ]
  },
  "model_config": {
    "input_dim": 13,
    "hidden_dims": [
      128,
      64
    ],
    "output_dim": 4,
    "dropout_rate": 0.1
  },
  "training_args": {
    "data_path": null,
    "num_samples": 10000,
    "hidden_dims": [
      128,
      64
    ],
    "dropout": 0.1,
    "epochs": 1000,
    "batch_size": 64,
    "lr": 0.001,
    "weight_decay": 1e-05,
    "patience": 15,
    "seed": 42,
    "no_cuda": false,
    "num_workers": 4,
    "output_dir": "./models"
  }
}